<?xml version="1.0" encoding="UTF-8"?>
<project-private xmlns="http://www.netbeans.org/ns/project-private/1">
    <editor-bookmarks xmlns="http://www.netbeans.org/ns/editor-bookmarks/2" lastBookmarkId="0"/>
    <open-files xmlns="http://www.netbeans.org/ns/projectui-open-files/2">
        <group>
            <file>file:/C:/xampp/htdocs/budgeting/wp-content/themes/onlineS3/js/app/table_fun.js</file>
            <file>file:/C:/xampp/htdocs/budgeting/php-src/forms/word_form.php</file>
            <file>file:/C:/xampp/htdocs/budgeting/wp-content/themes/onlineS3/js/app/main.js</file>
            <file>file:/C:/xampp/htdocs/budgeting/php-src/templates/tool.php</file>
            <file>file:/C:/xampp/htdocs/budgeting/php-src/templates/home.php</file>
            <file>file:/C:/xampp/htdocs/budgeting/php-src/templates/summary.php</file>
        </group>
    </open-files>
</project-private>
